:START_ID(host_id),:END_ID(strain_country),:TYPE
Anhui/SZ005/2020,Mainland China,LOCATED_IN
Australia/NSW01/2020,Australia,LOCATED_IN
Australia/NSW05/2020,Australia,LOCATED_IN
Australia/NSW06/2020,Australia,LOCATED_IN
Australia/NSW07/2020,Australia,LOCATED_IN
Australia/NSW08/2020,Australia,LOCATED_IN
Australia/NSW09/2020,Australia,LOCATED_IN
Australia/NSW10/2020,Australia,LOCATED_IN
Australia/NSW11/2020,Australia,LOCATED_IN
Australia/NSW12/2020,Australia,LOCATED_IN
Australia/NSW13/2020,Australia,LOCATED_IN
Australia/NSW14/2020,Australia,LOCATED_IN
Australia/QLD01/2020,Australia,LOCATED_IN
Australia/QLD02/2020,Australia,LOCATED_IN
Australia/QLD03/2020,Australia,LOCATED_IN
Australia/QLD04/2020,Australia,LOCATED_IN
Australia/QLD09/2020,Australia,LOCATED_IN
Australia/VIC01/2020,Australia,LOCATED_IN
Beijing/105/2020,Mainland China,LOCATED_IN
Beijing/231/2020,Mainland China,LOCATED_IN
Beijing/233/2020,Mainland China,LOCATED_IN
Beijing/235/2020,Mainland China,LOCATED_IN
Beijing/IVDC-BJ-005/2020,Mainland China,LOCATED_IN
Belgium/GHB-03021/2020,Belgium,LOCATED_IN
Brazil-RJ/314/2020,Brazil,LOCATED_IN
Brazil/SPBR-01/2020,Brazil,LOCATED_IN
Brazil/SPBR-02/2020,Brazil,LOCATED_IN
Brazil/SPBR-03/2020,Brazil,LOCATED_IN
Brazil/SPBR-04/2020,Brazil,LOCATED_IN
Brazil/SPBR-05/2020,Brazil,LOCATED_IN
Brazil/SPBR-06/2020,Brazil,LOCATED_IN
Cambodia/0012/2020,Cambodia,LOCATED_IN
Canada/BC_37_0-2/2020,Canada,LOCATED_IN
Canada/ON-PHL2445/2020,Canada,LOCATED_IN
Canada/ON-VIDO-01/2020,Canada,LOCATED_IN
Chile/Santiago-1/2020,Chile,LOCATED_IN
Chile/Santiago-2/2020,Chile,LOCATED_IN
Chile/Talca-1/2020,Chile,LOCATED_IN
Chile/Talca-2/2020,Chile,LOCATED_IN
China/IQTC01/2020,Mainland China,LOCATED_IN
China/IQTC02/2020,Mainland China,LOCATED_IN
China/WF0001/2020,Mainland China,LOCATED_IN
China/WF0002/2020,Mainland China,LOCATED_IN
China/WF0003/2020,Mainland China,LOCATED_IN
China/WF0004/2020,Mainland China,LOCATED_IN
China/WF0006/2020,Mainland China,LOCATED_IN
China/WF0009/2020,Mainland China,LOCATED_IN
China/WF0012/2020,Mainland China,LOCATED_IN
China/WF0014/2020,Mainland China,LOCATED_IN
China/WF0015/2020,Mainland China,LOCATED_IN
China/WF0016/2020,Mainland China,LOCATED_IN
China/WF0017/2020,Mainland China,LOCATED_IN
China/WF0018/2020,Mainland China,LOCATED_IN
China/WF0019/2020,Mainland China,LOCATED_IN
China/WF0020/2020,Mainland China,LOCATED_IN
China/WF0021/2020,Mainland China,LOCATED_IN
China/WF0023/2020,Mainland China,LOCATED_IN
China/WF0024/2020,Mainland China,LOCATED_IN
China/WF0026/2020,Mainland China,LOCATED_IN
China/WF0028/2020,Mainland China,LOCATED_IN
China/WF0029/2020,Mainland China,LOCATED_IN
China/WH-09/2020,Mainland China,LOCATED_IN
China/WHU01/2020,Mainland China,LOCATED_IN
China/WHU02/2020,Mainland China,LOCATED_IN
Chongqing/IVDC-CQ-001/2020,Mainland China,LOCATED_IN
Chongqing/YC01/2020,Mainland China,LOCATED_IN
Chongqing/ZX01/2020,Mainland China,LOCATED_IN
Congo/KN-13/2020,Congo,LOCATED_IN
CzechRepublic/951/2020,Czech Republic,LOCATED_IN
England/01/2020,United Kingdom,LOCATED_IN
England/02/2020,United Kingdom,LOCATED_IN
England/09c/2020,United Kingdom,LOCATED_IN
England/200641094/2020,United Kingdom,LOCATED_IN
England/200690245/2020,United Kingdom,LOCATED_IN
England/200690300/2020,United Kingdom,LOCATED_IN
England/200690306/2020,United Kingdom,LOCATED_IN
England/200690756/2020,United Kingdom,LOCATED_IN
England/200940527/2020,United Kingdom,LOCATED_IN
England/200960041/2020,United Kingdom,LOCATED_IN
England/200960515/2020,United Kingdom,LOCATED_IN
England/200981386/2020,United Kingdom,LOCATED_IN
England/200990002/2020,United Kingdom,LOCATED_IN
England/200990006/2020,United Kingdom,LOCATED_IN
England/200990660/2020,United Kingdom,LOCATED_IN
England/200990723/2020,United Kingdom,LOCATED_IN
England/200990724/2020,United Kingdom,LOCATED_IN
England/200990725/2020,United Kingdom,LOCATED_IN
England/200991076/2020,United Kingdom,LOCATED_IN
England/201000003/2020,United Kingdom,LOCATED_IN
England/201040081/2020,United Kingdom,LOCATED_IN
England/201040141/2020,United Kingdom,LOCATED_IN
England/Sheff01/2020,United Kingdom,LOCATED_IN
England/Sheff02/2020,United Kingdom,LOCATED_IN
Finland/1/2020,Finland,LOCATED_IN
Finland/FIN-114/2020,Finland,LOCATED_IN
Finland/FIN-25/2020,Finland,LOCATED_IN
Finland/FIN-266/2020,Finland,LOCATED_IN
Finland/FIN-274/2020,Finland,LOCATED_IN
Finland/FIN-313/2020,Finland,LOCATED_IN
Finland/FIN-318/2020,Finland,LOCATED_IN
Finland/FIN-455/2020,Finland,LOCATED_IN
Finland/FIN-508/2020,Finland,LOCATED_IN
Finland/FIN01032020/2020,Finland,LOCATED_IN
Finland/FIN03032020A/2020,Finland,LOCATED_IN
Finland/FIN03032020B/2020,Finland,LOCATED_IN
Finland/FIN03032020C/2020,Finland,LOCATED_IN
Foshan/20SF207/2020,Mainland China,LOCATED_IN
Foshan/20SF210/2020,Mainland China,LOCATED_IN
Foshan/20SF211/2020,Mainland China,LOCATED_IN
France/GE1583/2020,France,LOCATED_IN
France/GE1973/2020,France,LOCATED_IN
France/GE1977/2020,France,LOCATED_IN
France/HF1795/2020,France,LOCATED_IN
France/HF1805/2020,France,LOCATED_IN
France/HF1870/2020,France,LOCATED_IN
France/HF1871/2020,France,LOCATED_IN
France/HF1986/2020,France,LOCATED_IN
France/HF1988/2020,France,LOCATED_IN
France/HF1989/2020,France,LOCATED_IN
France/HF1993/2020,France,LOCATED_IN
France/HF1995/2020,France,LOCATED_IN
France/IDF0372-isl/2020,France,LOCATED_IN
France/IDF0372/2020,France,LOCATED_IN
France/IDF0373/2020,France,LOCATED_IN
France/IDF0386-islP1/2020,France,LOCATED_IN
France/IDF0386-islP3/2020,France,LOCATED_IN
France/IDF0515-isl/2020,France,LOCATED_IN
France/IDF0515/2020,France,LOCATED_IN
France/IDF0571/2020,France,LOCATED_IN
France/IDF0626/2020,France,LOCATED_IN
France/IDF1980/2020,France,LOCATED_IN
France/N1620/2020,France,LOCATED_IN
France/RA739/2020,France,LOCATED_IN
Fujian/13/2020,Mainland China,LOCATED_IN
Fujian/8/2020,Mainland China,LOCATED_IN
Germany/Baden-Wuerttemberg-1/2020,Germany,LOCATED_IN
Germany/BavPat1/2020,Germany,LOCATED_IN
Germany/BavPat2/2020,Germany,LOCATED_IN
Germany/BavPat3/2020,Germany,LOCATED_IN
Germany/NRW-01/2020,Germany,LOCATED_IN
Germany/NRW-011/2020,Germany,LOCATED_IN
Germany/NRW-02-1/2020,Germany,LOCATED_IN
Germany/NRW-03/2020,Germany,LOCATED_IN
Germany/NRW-04/2020,Germany,LOCATED_IN
Germany/NRW-05/2020,Germany,LOCATED_IN
Germany/NRW-06/2020,Germany,LOCATED_IN
Germany/NRW-07/2020,Germany,LOCATED_IN
Germany/NRW-08/2020,Germany,LOCATED_IN
Germany/NRW-09/2020,Germany,LOCATED_IN
Germany/NRW-10/2020,Germany,LOCATED_IN
Guangdong/2020XN4239-P0034/2020,Mainland China,LOCATED_IN
Guangdong/2020XN4243-P0035/2020,Mainland China,LOCATED_IN
Guangdong/2020XN4273-P0036/2020,Mainland China,LOCATED_IN
Guangdong/2020XN4276-P0037/2020,Mainland China,LOCATED_IN
Guangdong/2020XN4291-P0038/2020,Mainland China,LOCATED_IN
Guangdong/2020XN4373-P0039/2020,Mainland China,LOCATED_IN
Guangdong/2020XN4433-P0040/2020,Mainland China,LOCATED_IN
Guangdong/2020XN4448-P0002/2020,Mainland China,LOCATED_IN
Guangdong/2020XN4459-P0041/2020,Mainland China,LOCATED_IN
Guangdong/2020XN4475-P0042/2020,Mainland China,LOCATED_IN
Guangdong/20SF012/2020,Mainland China,LOCATED_IN
Guangdong/20SF013/2020,Mainland China,LOCATED_IN
Guangdong/20SF014/2020,Mainland China,LOCATED_IN
Guangdong/20SF025/2020,Mainland China,LOCATED_IN
Guangdong/20SF028/2020,Mainland China,LOCATED_IN
Guangdong/20SF040/2020,Mainland China,LOCATED_IN
Guangdong/20SF174/2020,Mainland China,LOCATED_IN
Guangdong/20SF201/2020,Mainland China,LOCATED_IN
Guangdong/DG-S2-P0054/2020,Mainland China,LOCATED_IN
Guangdong/DG-S41-P0056/2020,Mainland China,LOCATED_IN
Guangdong/DG-S6-P0055/2020,Mainland China,LOCATED_IN
Guangdong/DG-S9-P0045/2020,Mainland China,LOCATED_IN
Guangdong/FS-S29-P0051/2020,Mainland China,LOCATED_IN
Guangdong/FS-S30-P0052/2020,Mainland China,LOCATED_IN
Guangdong/FS-S34-P0015/2020,Mainland China,LOCATED_IN
Guangdong/FS-S42-P0046/2020,Mainland China,LOCATED_IN
Guangdong/FS-S48-P0047/2020,Mainland China,LOCATED_IN
Guangdong/FS-S50-P0053/2020,Mainland China,LOCATED_IN
Guangdong/GD2020012-P0022/2020,Mainland China,LOCATED_IN
Guangdong/GD2020016-P0011/2020,Mainland China,LOCATED_IN
Guangdong/GD2020080-P0010/2020,Mainland China,LOCATED_IN
Guangdong/GD2020085-P0043/2020,Mainland China,LOCATED_IN
Guangdong/GD2020086-P0021/2020,Mainland China,LOCATED_IN
Guangdong/GD2020087-P0008/2020,Mainland China,LOCATED_IN
Guangdong/GD2020115-P0009/2020,Mainland China,LOCATED_IN
Guangdong/GD2020134-P0031/2020,Mainland China,LOCATED_IN
Guangdong/GD2020139-P0007/2020,Mainland China,LOCATED_IN
Guangdong/GD2020227-P0029/2020,Mainland China,LOCATED_IN
Guangdong/GD2020233-P0027/2020,Mainland China,LOCATED_IN
Guangdong/GD2020234-P0023/2020,Mainland China,LOCATED_IN
Guangdong/GD2020241-P0013/2020,Mainland China,LOCATED_IN
Guangdong/GD2020246-P0028/2020,Mainland China,LOCATED_IN
Guangdong/GD2020258-P0018/2020,Mainland China,LOCATED_IN
Guangdong/GDFS2020052-P0025/2020,Mainland China,LOCATED_IN
Guangdong/GDFS2020054-P0005/2020,Mainland China,LOCATED_IN
Guangdong/GDFS2020056-P0044/2020,Mainland China,LOCATED_IN
Guangdong/GDFS2020127-P0026/2020,Mainland China,LOCATED_IN
Guangdong/GDSZ202004-P0004/2020,Mainland China,LOCATED_IN
Guangdong/GDSZ202008-P0020/2020,Mainland China,LOCATED_IN
Guangdong/GDSZ202009-P0032/2020,Mainland China,LOCATED_IN
Guangdong/GDSZ202013-P0014/2020,Mainland China,LOCATED_IN
Guangdong/GDSZ202015-P0019/2020,Mainland China,LOCATED_IN
Guangdong/GZ-S6-P0050/2020,Mainland China,LOCATED_IN
Guangdong/JM-S1-P0062/2020,Mainland China,LOCATED_IN
Guangdong/MM-S1-P0048/2020,Mainland China,LOCATED_IN
Guangdong/SZ-N128-P0057/2020,Mainland China,LOCATED_IN
Guangdong/SZ-N59-P0049/2020,Mainland China,LOCATED_IN
Guangdong/ZH-N22-P0059/2020,Mainland China,LOCATED_IN
Guangdong/ZH-S33-P0058/2020,Mainland China,LOCATED_IN
Guangdong/ZQ-S2-P0061/2020,Mainland China,LOCATED_IN
Guangdong/ZS-S6-P0060/2020,Mainland China,LOCATED_IN
Guangzhou/20SF206/2020,Mainland China,LOCATED_IN
Hangzhou/HZ-1/2020,Mainland China,LOCATED_IN
Hangzhou/HZCDC0001/2020,Mainland China,LOCATED_IN
Hefei/2/2020,Mainland China,LOCATED_IN
Henan/IVDC-HeN-002/2020,Mainland China,LOCATED_IN
HongKong/VB20024950/2020,Hong Kong,LOCATED_IN
HongKong/VB20026565/2020,Hong Kong,LOCATED_IN
HongKong/VM20001061/2020,Hong Kong,LOCATED_IN
HongKong/case42_VM20002493/2020,Hong Kong,LOCATED_IN
HongKong/case48_VM20002507/2020,Hong Kong,LOCATED_IN
HongKong/case49_VM20002508/2020,Hong Kong,LOCATED_IN
HongKong/case52_VM20002582/2020,Hong Kong,LOCATED_IN
HongKong/case78_VM20002849/2020,Hong Kong,LOCATED_IN
HongKong/case85_VM20002868/2020,Hong Kong,LOCATED_IN
HongKong/case90_VM20002907/2020,Hong Kong,LOCATED_IN
India/1-27/2020,India,LOCATED_IN
India/1-31/2020,India,LOCATED_IN
Ireland/COR-20134/2020,Ireland,LOCATED_IN
Ireland/Dublin-19072/2020,Ireland,LOCATED_IN
Ireland/Limerick-19933/2020,Ireland,LOCATED_IN
Ireland/Limerick-19934/2020,Ireland,LOCATED_IN
Ireland/Limerick-19935/2020,Ireland,LOCATED_IN
Italy/CDG1/2020,Italy,LOCATED_IN
Italy/INMI1-cs/2020,Italy,LOCATED_IN
Italy/INMI1-isl/2020,Italy,LOCATED_IN
Italy/SPL1/2020,Italy,LOCATED_IN
Italy/UniSR1/2020,Italy,LOCATED_IN
Japan/AI/I-004/2020,Japan,LOCATED_IN
Japan/Hu_DP_Kng_19-020/2020,Japan,LOCATED_IN
Japan/Hu_DP_Kng_19-027/2020,Japan,LOCATED_IN
Japan/KY-V-029/2020,Japan,LOCATED_IN
Japan/NA-20-05-1/2020,Japan,LOCATED_IN
Japan/OS-20-07-1/2020,Japan,LOCATED_IN
Japan/TK/20-31-3/2020,Japan,LOCATED_IN
Japan/TKYE6182/2020,Japan,LOCATED_IN
Japan/TY-WK-012/2020,Japan,LOCATED_IN
Japan/TY-WK-501/2020,Japan,LOCATED_IN
Japan/TY-WK-521/2020,Japan,LOCATED_IN
Jiangsu/IVDC-JS-001/2020,Mainland China,LOCATED_IN
Jiangsu/JS01/2020,Mainland China,LOCATED_IN
Jiangsu/JS02/2020,Mainland China,LOCATED_IN
Jiangsu/JS03/2020,Mainland China,LOCATED_IN
Jiangxi/IVDC-JX-002/2020,Mainland China,LOCATED_IN
Jingzhou/HBCDC-HB-01/2020,Mainland China,LOCATED_IN
Luxembourg/Lux1/2020,Luxembourg,LOCATED_IN
Mexico/CDMX/InDRE_01/2020,Mexico,LOCATED_IN
Nepal/61/2020,Nepal,LOCATED_IN
Netherlands/Andel_1365066/2020,Netherlands,LOCATED_IN
Netherlands/Berlicum_1363564/2020,Netherlands,LOCATED_IN
Netherlands/Blaricum_1364780/2020,Netherlands,LOCATED_IN
Netherlands/Coevorden_1363618/2020,Netherlands,LOCATED_IN
Netherlands/Dalen_1363624/2020,Netherlands,LOCATED_IN
Netherlands/Delft_1363424/2020,Netherlands,LOCATED_IN
Netherlands/Diemen_1363454/2020,Netherlands,LOCATED_IN
Netherlands/Eindhoven_1363782/2020,Netherlands,LOCATED_IN
Netherlands/Gelderland_1/2020,Netherlands,LOCATED_IN
Netherlands/Haarlem_1363688/2020,Netherlands,LOCATED_IN
Netherlands/Hardinxveld_Giessendam_1364806/2020,Netherlands,LOCATED_IN
Netherlands/Helmond_1363548/2020,Netherlands,LOCATED_IN
Netherlands/Limburg_2/2020,Netherlands,LOCATED_IN
Netherlands/Limburg_3/2020,Netherlands,LOCATED_IN
Netherlands/Limburg_4/2020,Netherlands,LOCATED_IN
Netherlands/Limburg_5/2020,Netherlands,LOCATED_IN
Netherlands/Limburg_6/2020,Netherlands,LOCATED_IN
Netherlands/Loon_op_zand_1363512/2020,Netherlands,LOCATED_IN
Netherlands/Naarden_1364774/2020,Netherlands,LOCATED_IN
Netherlands/Nieuwendijk_1363582/2020,Netherlands,LOCATED_IN
Netherlands/NoordBrabant_1/2020,Netherlands,LOCATED_IN
Netherlands/NoordBrabant_10/2020,Netherlands,LOCATED_IN
Netherlands/NoordBrabant_11/2020,Netherlands,LOCATED_IN
Netherlands/NoordBrabant_12/2020,Netherlands,LOCATED_IN
Netherlands/NoordBrabant_13/2020,Netherlands,LOCATED_IN
Netherlands/NoordBrabant_14/2020,Netherlands,LOCATED_IN
Netherlands/NoordBrabant_15/2020,Netherlands,LOCATED_IN
Netherlands/NoordBrabant_16/2020,Netherlands,LOCATED_IN
Netherlands/NoordBrabant_17/2020,Netherlands,LOCATED_IN
Netherlands/NoordBrabant_18/2020,Netherlands,LOCATED_IN
Netherlands/NoordBrabant_19/2020,Netherlands,LOCATED_IN
Netherlands/NoordBrabant_2/2020,Netherlands,LOCATED_IN
Netherlands/NoordBrabant_20/2020,Netherlands,LOCATED_IN
Netherlands/NoordBrabant_21/2020,Netherlands,LOCATED_IN
Netherlands/NoordBrabant_22/2020,Netherlands,LOCATED_IN
Netherlands/NoordBrabant_23/2020,Netherlands,LOCATED_IN
Netherlands/NoordBrabant_24/2020,Netherlands,LOCATED_IN
Netherlands/NoordBrabant_25/2020,Netherlands,LOCATED_IN
Netherlands/NoordBrabant_26/2020,Netherlands,LOCATED_IN
Netherlands/NoordBrabant_27/2020,Netherlands,LOCATED_IN
Netherlands/NoordBrabant_28/2020,Netherlands,LOCATED_IN
Netherlands/NoordBrabant_29/2020,Netherlands,LOCATED_IN
Netherlands/NoordBrabant_3/2020,Netherlands,LOCATED_IN
Netherlands/NoordBrabant_30/2020,Netherlands,LOCATED_IN
Netherlands/NoordBrabant_31/2020,Netherlands,LOCATED_IN
Netherlands/NoordBrabant_32/2020,Netherlands,LOCATED_IN
Netherlands/NoordBrabant_33/2020,Netherlands,LOCATED_IN
Netherlands/NoordBrabant_34/2020,Netherlands,LOCATED_IN
Netherlands/NoordBrabant_35/2020,Netherlands,LOCATED_IN
Netherlands/NoordBrabant_36/2020,Netherlands,LOCATED_IN
Netherlands/NoordBrabant_37/2020,Netherlands,LOCATED_IN
Netherlands/NoordBrabant_38/2020,Netherlands,LOCATED_IN
Netherlands/NoordBrabant_39/2020,Netherlands,LOCATED_IN
Netherlands/NoordBrabant_4/2020,Netherlands,LOCATED_IN
Netherlands/NoordBrabant_5/2020,Netherlands,LOCATED_IN
Netherlands/NoordBrabant_6/2020,Netherlands,LOCATED_IN
Netherlands/NoordHolland_1/2020,Netherlands,LOCATED_IN
Netherlands/NoordHolland_2/2020,Netherlands,LOCATED_IN
Netherlands/Nootdorp_1364222/2020,Netherlands,LOCATED_IN
Netherlands/Oisterwijk_1364072/2020,Netherlands,LOCATED_IN
Netherlands/Oss_1363500/2020,Netherlands,LOCATED_IN
Netherlands/Overijssel_1/2020,Netherlands,LOCATED_IN
Netherlands/Overijssel_2/2020,Netherlands,LOCATED_IN
Netherlands/Rotterdam_1363790/2020,Netherlands,LOCATED_IN
Netherlands/Rotterdam_1364040/2020,Netherlands,LOCATED_IN
Netherlands/Rotterdam_1364740/2020,Netherlands,LOCATED_IN
Netherlands/Tilburg_/2020,Netherlands,LOCATED_IN
Netherlands/Tilburg_1363354/2020,Netherlands,LOCATED_IN
Netherlands/Tilburg_1364286/2020,Netherlands,LOCATED_IN
Netherlands/Utrecht_1/2020,Netherlands,LOCATED_IN
Netherlands/Utrecht_10/2020,Netherlands,LOCATED_IN
Netherlands/Utrecht_11/2020,Netherlands,LOCATED_IN
Netherlands/Utrecht_12/2020,Netherlands,LOCATED_IN
Netherlands/Utrecht_13/2020,Netherlands,LOCATED_IN
Netherlands/Utrecht_1363564/2020,Netherlands,LOCATED_IN
Netherlands/Utrecht_1363628/2020,Netherlands,LOCATED_IN
Netherlands/Utrecht_1364066/2020,Netherlands,LOCATED_IN
Netherlands/Utrecht_14/2020,Netherlands,LOCATED_IN
Netherlands/Utrecht_15/2020,Netherlands,LOCATED_IN
Netherlands/Utrecht_16/2020,Netherlands,LOCATED_IN
Netherlands/Utrecht_2/2020,Netherlands,LOCATED_IN
Netherlands/Utrecht_3/2020,Netherlands,LOCATED_IN
Netherlands/Utrecht_4/2020,Netherlands,LOCATED_IN
Netherlands/Utrecht_5/2020,Netherlands,LOCATED_IN
Netherlands/Utrecht_6/2020,Netherlands,LOCATED_IN
Netherlands/Utrecht_7/2020,Netherlands,LOCATED_IN
Netherlands/Utrecht_8/2020,Netherlands,LOCATED_IN
Netherlands/Zeewolde_1365080/2020,Netherlands,LOCATED_IN
Netherlands/ZuidHolland_1/2020,Netherlands,LOCATED_IN
Netherlands/ZuidHolland_10/2020,Netherlands,LOCATED_IN
Netherlands/ZuidHolland_11/2020,Netherlands,LOCATED_IN
Netherlands/ZuidHolland_13/2020,Netherlands,LOCATED_IN
Netherlands/ZuidHolland_14/2020,Netherlands,LOCATED_IN
Netherlands/ZuidHolland_15/2020,Netherlands,LOCATED_IN
Netherlands/ZuidHolland_16/2020,Netherlands,LOCATED_IN
Netherlands/ZuidHolland_17/2020,Netherlands,LOCATED_IN
Netherlands/ZuidHolland_18/2020,Netherlands,LOCATED_IN
Netherlands/ZuidHolland_19/2020,Netherlands,LOCATED_IN
Netherlands/ZuidHolland_2/2020,Netherlands,LOCATED_IN
Netherlands/ZuidHolland_20/2020,Netherlands,LOCATED_IN
Netherlands/ZuidHolland_21/2020,Netherlands,LOCATED_IN
Netherlands/ZuidHolland_22/2020,Netherlands,LOCATED_IN
Netherlands/ZuidHolland_23/2020,Netherlands,LOCATED_IN
Netherlands/ZuidHolland_24/2020,Netherlands,LOCATED_IN
Netherlands/ZuidHolland_5/2020,Netherlands,LOCATED_IN
Netherlands/ZuidHolland_6/2020,Netherlands,LOCATED_IN
Netherlands/ZuidHolland_7/2020,Netherlands,LOCATED_IN
Netherlands/ZuidHolland_8/2020,Netherlands,LOCATED_IN
Netherlands/ZuidHolland_9/2020,Netherlands,LOCATED_IN
NetherlandsL/Houten_1363498/2020,Netherlands,LOCATED_IN
NewZealand/01/2020,New Zealand,LOCATED_IN
Nigeria/Lagos01/2020,Nigeria,LOCATED_IN
Nonthaburi/61/2020,Thailand,LOCATED_IN
Nonthaburi/74/2020,Thailand,LOCATED_IN
Portugal/CV62/2020,Portugal,LOCATED_IN
Portugal/CV63/2020,Portugal,LOCATED_IN
Scotland/CVR01/2020,United Kingdom,LOCATED_IN
Scotland/CVR02/2020,United Kingdom,LOCATED_IN
Scotland/CVR03/2020,United Kingdom,LOCATED_IN
Scotland/CVR04/2020,United Kingdom,LOCATED_IN
Scotland/CVR05/2020,United Kingdom,LOCATED_IN
Shandong/IVDC-SD-001/2020,Mainland China,LOCATED_IN
Shanghai/IVDC-SH-001/2020,Mainland China,LOCATED_IN
Shanghai/SH01/2020,Mainland China,LOCATED_IN
Shenzhen/HKU-SZ-002/2020,Mainland China,LOCATED_IN
Shenzhen/HKU-SZ-005/2020,Mainland China,LOCATED_IN
Shenzhen/SZTH-001/2020,Mainland China,LOCATED_IN
Shenzhen/SZTH-002/2020,Mainland China,LOCATED_IN
Shenzhen/SZTH-003/2020,Mainland China,LOCATED_IN
Shenzhen/SZTH-004/2020,Mainland China,LOCATED_IN
Sichuan/IVDC-SC-001/2020,Mainland China,LOCATED_IN
Singapore/1/2020,Singapore,LOCATED_IN
Singapore/10/2020,Singapore,LOCATED_IN
Singapore/11/2020,Singapore,LOCATED_IN
Singapore/12/2020,Singapore,LOCATED_IN
Singapore/13/2020,Singapore,LOCATED_IN
Singapore/14/2020,Singapore,LOCATED_IN
Singapore/2/2020,Singapore,LOCATED_IN
Singapore/3/2020,Singapore,LOCATED_IN
Singapore/4/2020,Singapore,LOCATED_IN
Singapore/5/2020,Singapore,LOCATED_IN
Singapore/6/2020,Singapore,LOCATED_IN
Singapore/7/2020,Singapore,LOCATED_IN
Singapore/8/2020,Singapore,LOCATED_IN
Singapore/9/2020,Singapore,LOCATED_IN
SouthKorea/KCDC03/2020,South Korea,LOCATED_IN
SouthKorea/KCDC05/2020,South Korea,LOCATED_IN
SouthKorea/KCDC06/2020,South Korea,LOCATED_IN
SouthKorea/KCDC07/2020,South Korea,LOCATED_IN
SouthKorea/KCDC12/2020,South Korea,LOCATED_IN
SouthKorea/KCDC24/2020,South Korea,LOCATED_IN
SouthKorea/KUMC01/2020,South Korea,LOCATED_IN
SouthKorea/KUMC02/2020,South Korea,LOCATED_IN
SouthKorea/KUMC03/2020,South Korea,LOCATED_IN
SouthKorea/KUMC04/2020,South Korea,LOCATED_IN
SouthKorea/KUMC05/2020,South Korea,LOCATED_IN
SouthKorea/KUMC06/2020,South Korea,LOCATED_IN
SouthKorea/SNU01/2020,South Korea,LOCATED_IN
Spain/Valencia1/2020,Spain,LOCATED_IN
Spain/Valencia2/2020,Spain,LOCATED_IN
Spain/Valencia3/2020,Spain,LOCATED_IN
Sweden/01/2020,Sweden,LOCATED_IN
Switzerland/1000477102/2020,Switzerland,LOCATED_IN
Switzerland/1000477377/2020,Switzerland,LOCATED_IN
Switzerland/1000477757/2020,Switzerland,LOCATED_IN
Switzerland/1000477796/2020,Switzerland,LOCATED_IN
Switzerland/1000477797/2020,Switzerland,LOCATED_IN
Switzerland/1000477806/2020,Switzerland,LOCATED_IN
Switzerland/AG0361/2020,Switzerland,LOCATED_IN
Switzerland/BL0902/2020,Switzerland,LOCATED_IN
Switzerland/GE3121/2020,Switzerland,LOCATED_IN
Switzerland/GE3895/2020,Switzerland,LOCATED_IN
Switzerland/GE5373/2020,Switzerland,LOCATED_IN
Switzerland/GE9586/2020,Switzerland,LOCATED_IN
Switzerland/TI9486/2020,Switzerland,LOCATED_IN
Switzerland/VD5615/2020,Switzerland,LOCATED_IN
Sydney/2/2020,Australia,LOCATED_IN
Sydney/3/2020,Australia,LOCATED_IN
Taiwan/2/2020,Taiwan,LOCATED_IN
Taiwan/3/2020,Taiwan,LOCATED_IN
Taiwan/4/2020,Taiwan,LOCATED_IN
Taiwan/CGMH-CGU-01/2020,Taiwan,LOCATED_IN
Taiwan/NTU01/2020,Taiwan,LOCATED_IN
Taiwan/NTU02/2020,Taiwan,LOCATED_IN
Taiwan/NTU03/2020,Taiwan,LOCATED_IN
Tianmen/HBCDC-HB-07/2020,Mainland China,LOCATED_IN
USA/AZ1/2020,USA,LOCATED_IN
USA/CA-CDPH-UC1/2020,USA,LOCATED_IN
USA/CA-CDPH-UC2/2020,USA,LOCATED_IN
USA/CA-CDPH-UC3/2020,USA,LOCATED_IN
USA/CA-CDPH-UC4/2020,USA,LOCATED_IN
USA/CA-CDPH-UC5/2020,USA,LOCATED_IN
USA/CA-CDPH-UC6/2020,USA,LOCATED_IN
USA/CA-CDPH-UC7/2020,USA,LOCATED_IN
USA/CA-CDPH-UC8/2020,USA,LOCATED_IN
USA/CA-CDPH-UC9/2020,USA,LOCATED_IN
USA/CA-PC101P/2020,USA,LOCATED_IN
USA/CA1/2020,USA,LOCATED_IN
USA/CA2/2020,USA,LOCATED_IN
USA/CA3/2020,USA,LOCATED_IN
USA/CA4/2020,USA,LOCATED_IN
USA/CA5/2020,USA,LOCATED_IN
USA/CA6/2020,USA,LOCATED_IN
USA/CA7/2020,USA,LOCATED_IN
USA/CA8/2020,USA,LOCATED_IN
USA/CA9/2020,USA,LOCATED_IN
USA/CruiseA-1/2020,USA,LOCATED_IN
USA/CruiseA-10/2020,USA,LOCATED_IN
USA/CruiseA-11/2020,USA,LOCATED_IN
USA/CruiseA-12/2020,USA,LOCATED_IN
USA/CruiseA-13/2020,USA,LOCATED_IN
USA/CruiseA-14/2020,USA,LOCATED_IN
USA/CruiseA-15/2020,USA,LOCATED_IN
USA/CruiseA-16/2020,USA,LOCATED_IN
USA/CruiseA-17/2020,USA,LOCATED_IN
USA/CruiseA-18/2020,USA,LOCATED_IN
USA/CruiseA-19/2020,USA,LOCATED_IN
USA/CruiseA-2/2020,USA,LOCATED_IN
USA/CruiseA-21/2020,USA,LOCATED_IN
USA/CruiseA-22/2020,USA,LOCATED_IN
USA/CruiseA-23/2020,USA,LOCATED_IN
USA/CruiseA-24/2020,USA,LOCATED_IN
USA/CruiseA-25/2020,USA,LOCATED_IN
USA/CruiseA-26/2020,USA,LOCATED_IN
USA/CruiseA-3/2020,USA,LOCATED_IN
USA/CruiseA-4/2020,USA,LOCATED_IN
USA/CruiseA-5/2020,USA,LOCATED_IN
USA/CruiseA-6/2020,USA,LOCATED_IN
USA/CruiseA-7/2020,USA,LOCATED_IN
USA/CruiseA-8/2020,USA,LOCATED_IN
USA/CruiseA-9/2020,USA,LOCATED_IN
USA/IL1/2020,USA,LOCATED_IN
USA/IL2/2020,USA,LOCATED_IN
USA/MA1/2020,USA,LOCATED_IN
USA/MN1-MDH1/2020,USA,LOCATED_IN
USA/MN2-MDH2/2020,USA,LOCATED_IN
USA/MN3-MDH3/2020,USA,LOCATED_IN
USA/NY-NYUMC1/2020,USA,LOCATED_IN
USA/NY1-PV08001/2020,USA,LOCATED_IN
USA/TX1/2020,USA,LOCATED_IN
USA/UC-CDPH-UC11/2020,USA,LOCATED_IN
USA/WA-S2/2020,USA,LOCATED_IN
USA/WA-S3/2020,USA,LOCATED_IN
USA/WA-UW15/2020,USA,LOCATED_IN
USA/WA-UW16/2020,USA,LOCATED_IN
USA/WA-UW17/2020,USA,LOCATED_IN
USA/WA-UW18/2020,USA,LOCATED_IN
USA/WA-UW19/2020,USA,LOCATED_IN
USA/WA-UW20/2020,USA,LOCATED_IN
USA/WA-UW21/2020,USA,LOCATED_IN
USA/WA-UW22/2020,USA,LOCATED_IN
USA/WA-UW23/2020,USA,LOCATED_IN
USA/WA-UW24/2020,USA,LOCATED_IN
USA/WA-UW25/2020,USA,LOCATED_IN
USA/WA-UW26/2020,USA,LOCATED_IN
USA/WA-UW27/2020,USA,LOCATED_IN
USA/WA-UW28/2020,USA,LOCATED_IN
USA/WA-UW29/2020,USA,LOCATED_IN
USA/WA-UW30/2020,USA,LOCATED_IN
USA/WA-UW31/2020,USA,LOCATED_IN
USA/WA-UW32/2020,USA,LOCATED_IN
USA/WA-UW33/2020,USA,LOCATED_IN
USA/WA-UW34/2020,USA,LOCATED_IN
USA/WA-UW35/2020,USA,LOCATED_IN
USA/WA1-A12/2020,USA,LOCATED_IN
USA/WA1-F6/2020,USA,LOCATED_IN
USA/WA1/2020,USA,LOCATED_IN
USA/WA11-UW7/2020,USA,LOCATED_IN
USA/WA12-UW8/2020,USA,LOCATED_IN
USA/WA13-UW9/2020,USA,LOCATED_IN
USA/WA14-UW10/2020,USA,LOCATED_IN
USA/WA15-UW11/2020,USA,LOCATED_IN
USA/WA16-UW12/2020,USA,LOCATED_IN
USA/WA17-UW13/2020,USA,LOCATED_IN
USA/WA18-UW14/2020,USA,LOCATED_IN
USA/WA2/2020,USA,LOCATED_IN
USA/WA3-UW1/2020,USA,LOCATED_IN
USA/WA4-UW2/2020,USA,LOCATED_IN
USA/WA6-UW3/2020,USA,LOCATED_IN
USA/WA7-UW4/2020,USA,LOCATED_IN
USA/WA8-UW5/2020,USA,LOCATED_IN
USA/WA9-UW6/2020,USA,LOCATED_IN
USA/WI1/2020,USA,LOCATED_IN
Vietnam/VR03-38142/2020,Vietnam,LOCATED_IN
Wales/PHW03/2020,United Kingdom,LOCATED_IN
Wales/PHW05/2020,United Kingdom,LOCATED_IN
Wales/PHW1/2020,United Kingdom,LOCATED_IN
Wales/PHW2/2020,United Kingdom,LOCATED_IN
Wuhan-Hu-1/2019,Mainland China,LOCATED_IN
Wuhan/HBCDC-HB-01/2019,Mainland China,LOCATED_IN
Wuhan/HBCDC-HB-02/2019,Mainland China,LOCATED_IN
Wuhan/HBCDC-HB-02/2020,Mainland China,LOCATED_IN
Wuhan/HBCDC-HB-03/2019,Mainland China,LOCATED_IN
Wuhan/HBCDC-HB-03/2020,Mainland China,LOCATED_IN
Wuhan/HBCDC-HB-04/2019,Mainland China,LOCATED_IN
Wuhan/HBCDC-HB-04/2020,Mainland China,LOCATED_IN
Wuhan/HBCDC-HB-05/2020,Mainland China,LOCATED_IN
Wuhan/HBCDC-HB-06/2020,Mainland China,LOCATED_IN
Wuhan/IPBCAMS-WH-01/2019,Mainland China,LOCATED_IN
Wuhan/IPBCAMS-WH-02/2019,Mainland China,LOCATED_IN
Wuhan/IPBCAMS-WH-03/2019,Mainland China,LOCATED_IN
Wuhan/IPBCAMS-WH-04/2019,Mainland China,LOCATED_IN
Wuhan/IPBCAMS-WH-05/2020,Mainland China,LOCATED_IN
Wuhan/IVDC-HB-01/2019,Mainland China,LOCATED_IN
Wuhan/IVDC-HB-04/2020,Mainland China,LOCATED_IN
Wuhan/IVDC-HB-05/2019,Mainland China,LOCATED_IN
Wuhan/WH01/2019,Mainland China,LOCATED_IN
Wuhan/WH02/2019,Mainland China,LOCATED_IN
Wuhan/WH03/2020,Mainland China,LOCATED_IN
Wuhan/WH04/2020,Mainland China,LOCATED_IN
Wuhan/WH05/2020,Mainland China,LOCATED_IN
Wuhan/WIV02/2019,Mainland China,LOCATED_IN
Wuhan/WIV04/2019,Mainland China,LOCATED_IN
Wuhan/WIV05/2019,Mainland China,LOCATED_IN
Wuhan/WIV06/2019,Mainland China,LOCATED_IN
Wuhan/WIV07/2019,Mainland China,LOCATED_IN
Yunnan/IVDC-YN-003/2020,Mainland China,LOCATED_IN
Zhejiang/WZ-01/2020,Mainland China,LOCATED_IN
Zhejiang/WZ-02/2020,Mainland China,LOCATED_IN
bat/Yunnan/RaTG13/2013,Mainland China,LOCATED_IN
canine/HongKong/20-02756/2020,Hong Kong,LOCATED_IN
pangolin/China/MP789/2019,Mainland China,LOCATED_IN
pangolin/Guangdong/1/2019,Mainland China,LOCATED_IN
pangolin/Guangdong/P2S/2019,Mainland China,LOCATED_IN
pangolin/Guangxi/P1E/2017,Mainland China,LOCATED_IN
pangolin/Guangxi/P2V/2017,Mainland China,LOCATED_IN
pangolin/Guangxi/P3B/2017,Mainland China,LOCATED_IN
pangolin/Guangxi/P4L/2017,Mainland China,LOCATED_IN
pangolin/Guangxi/P5E/2017,Mainland China,LOCATED_IN
pangolin/Guangxi/P5L/2017,Mainland China,LOCATED_IN
